"Country","Region","Happiness Rank","Happiness Score","Economy (GDP per Capita)","Family","Health (Life Expectancy)","Freedom","Trust (Government Corruption)","Generosity","Dystopia Residual","Year","Hapinness State"
"Afghanistan","Southern Asia","153","3.575","0.31982","0.30285","0.30335","0.23414","0.09719","0.3651","1.9521","2015","Happy"
"Afghanistan","Southern Asia","154","3.36","0.38227","0.11037","0.17344","0.1643","0.07112","0.31268","2.14558","2016","Happy"
"Afghanistan","Southern Asia","141","3.7939999103546","0.40147721767425","0.58154332637787","0.18074677884579","0.10617952048779","0.061157830059528","0.31187093257904","2.1508011817932","2017","Happy"
"Albania","Central and Eastern Europe","95","4.959","0.87867","0.80434","0.81325","0.35733","0.06413","0.14272","1.89894","2015","Happy"
"Albania","Central and Eastern Europe","109","4.655","0.9553","0.50163","0.73007","0.31866","0.05301","0.1684","1.92816","2016","Happy"
"Albania","Central and Eastern Europe","109","4.6440000534058","0.99619275331497","0.8036852478981","0.73115974664688","0.38149863481522","0.039864215999842","0.20131294429302","1.4904415607452","2017","Happy"
"Algeria","Middle East and Northern Africa","68","5.605","0.93929","1.07772","0.61766","0.28579","0.17383","0.07822","2.43209","2015","Happy"
"Algeria","Middle East and Northern Africa","38","6.355","1.05266","0.83309","0.61804","0.21006","0.16157","0.07044","3.40904","2016","Happy"
"Algeria","Middle East and Northern Africa","53","5.8720002174377","1.0918644666672","1.1462174654007","0.61758464574814","0.2333358079195","0.14609611034393","0.069436646997929","2.5676038265228","2017","Happy"
"Angola","Sub-Saharan Africa","137","4.033","0.75778","0.8604","0.16683","0.10384","0.07122","0.12344","1.94939","2015","Happy"
"Angola","Sub-Saharan Africa","141","3.866","0.84731","0.66366","0.04991","0.00589","0.08434","0.12071","2.09459","2016","Happy"
"Angola","Sub-Saharan Africa","140","3.795000076294","0.85842818021774","1.1044119596481","0.049868665635586","0","0.069720335304737","0.097926490008831","1.6144824028015","2017","Happy"
"Argentina","Latin America and Caribbean","30","6.574","1.05351","1.24823","0.78723","0.44974","0.08484","0.11451","2.836","2015","Happy"
"Argentina","Latin America and Caribbean","26","6.65","1.15137","1.06612","0.69711","0.42284","0.07296","0.10989","3.12985","2016","Very Happy"
"Argentina","Latin America and Caribbean","24","6.5989999771118","1.1852954626083","1.4404511451721","0.69513708353043","0.49451920390129","0.059739887714386","0.1094570606947","2.6140053272247","2017","Happy"
"Armenia","Central and Eastern Europe","127","4.35","0.76821","0.77711","0.7299","0.19847","0.039","0.07855","1.75873","2015","Happy"
"Armenia","Central and Eastern Europe","121","4.36","0.86086","0.62477","0.64083","0.14037","0.03616","0.07793","1.97864","2016","Happy"
"Armenia","Central and Eastern Europe","121","4.3759999275208","0.90059673786163","1.0074837207794","0.63752442598343","0.19830326735973","0.02667442150414","0.083488091826439","1.5214991569519","2017","Happy"
"Australia","Australia and New Zealand","10","7.284","1.33358","1.30923","0.93156","0.65124","0.35637","0.43562","2.26646","2015","Very Happy"
"Australia","Australia and New Zealand","9","7.313","1.44443","1.10476","0.8512","0.56837","0.32331","0.47407","2.5465","2016","Very Happy"
"Australia","Australia and New Zealand","10","7.2839999198914","1.484414935112","1.5100419521332","0.84388679265976","0.60160738229752","0.30118373036385","0.47769924998283","2.0652108192444","2017","Very Happy"
"Austria","Western Europe","13","7.2","1.33723","1.29704","0.89042","0.62433","0.18676","0.33088","2.5332","2015","Very Happy"
"Austria","Western Europe","12","7.119","1.45038","1.08383","0.80565","0.54355","0.21348","0.32865","2.69343","2016","Very Happy"
"Austria","Western Europe","13","7.0060000419617","1.4870972633362","1.4599449634552","0.81532841920853","0.56776618957519","0.22106036543846","0.31647232174873","2.1385064125061","2017","Very Happy"
"Azerbaijan","Central and Eastern Europe","80","5.212","1.02389","0.93793","0.64045","0.3703","0.16065","0.07799","2.00073","2015","Happy"
"Azerbaijan","Central and Eastern Europe","81","5.291","1.12373","0.76042","0.54504","0.35327","0.17914","0.0564","2.2735","2016","Happy"
"Azerbaijan","Central and Eastern Europe","85","5.2340002059936","1.1536017656326","1.1524002552032","0.54077577590942","0.39815583825111","0.18098750710487","0.045269340276718","1.7624816894531","2017","Happy"
"Bahrain","Middle East and Northern Africa","49","5.96","1.32376","1.21624","0.74716","0.45492","0.306","0.17362","1.73797","2015","Happy"
"Bahrain","Middle East and Northern Africa","42","6.218","1.44024","0.94397","0.65696","0.47375","0.25772","0.17147","2.27405","2016","Happy"
"Bahrain","Middle East and Northern Africa","41","6.0869998931885","1.4884122610092","1.323110461235","0.65313303470612","0.53674691915512","0.25704216957092","0.17266848683357","1.6561493873596","2017","Happy"
"Bangladesh","Southern Asia","109","4.694","0.39753","0.43106","0.60164","0.4082","0.12569","0.21222","2.51767","2015","Happy"
"Bangladesh","Southern Asia","110","4.643","0.54177","0.24749","0.52989","0.39778","0.12583","0.19132","2.60904","2016","Happy"
"Bangladesh","Southern Asia","110","4.6079998016357","0.58668297529221","0.73513174057007","0.53324103355408","0.47835665941238","0.1237178593874","0.17225535213947","1.9787361621857","2017","Happy"
"Belarus","Central and Eastern Europe","59","5.813","1.03192","1.23289","0.73608","0.37938","0.1909","0.11046","2.1309","2015","Happy"
"Belarus","Central and Eastern Europe","61","5.802","1.13062","1.04993","0.63104","0.29091","0.17457","0.13942","2.38582","2016","Happy"
"Belarus","Central and Eastern Europe","67","5.5689997673035","1.156557559967","1.4449452161789","0.63771426677704","0.29540026187897","0.15631382167339","0.15513750910759","1.7232329845429","2017","Happy"
"Belgium","Western Europe","19","6.937","1.30782","1.28566","0.89667","0.5845","0.2254","0.2225","2.41484","2015","Very Happy"
"Belgium","Western Europe","18","6.929","1.42539","1.05249","0.81959","0.51354","0.26248","0.2424","2.61355","2016","Very Happy"
"Belgium","Western Europe","17","6.8909997940064","1.4637807607651","1.4623126983643","0.81809186935425","0.53977072238922","0.25134313106537","0.23150333762169","2.124210357666","2017","Very Happy"
"Belize","Latin America and Caribbean","52","5.956","0.87616","0.68655","0.45569","0.51231","0.10771","0.23684","3.08039","2016","Happy"
"Belize","Latin America and Caribbean","50","5.9559998512268","0.90797531604767","1.081417798996","0.45019176602364","0.54750937223434","0.096581071615219","0.24001564085484","2.6319556236267","2017","Happy"
"Benin","Sub-Saharan Africa","155","3.34","0.28665","0.35386","0.3191","0.4845","0.0801","0.1826","1.63328","2015","Happy"
"Benin","Sub-Saharan Africa","153","3.484","0.39499","0.10419","0.21028","0.39747","0.06681","0.2018","2.10812","2016","Happy"
"Benin","Sub-Saharan Africa","143","3.6570000648498","0.43108540773392","0.43529984354973","0.20993021130562","0.42596277594566","0.060929015278816","0.20794846117496","1.8856309652329","2017","Happy"
"Bhutan","Southern Asia","79","5.253","0.77042","1.10395","0.57407","0.53206","0.15445","0.47998","1.63794","2015","Happy"
"Bhutan","Southern Asia","84","5.196","0.8527","0.90836","0.49759","0.46074","0.1616","0.48546","1.82916","2016","Happy"
"Bhutan","Southern Asia","97","5.0110001564026","0.88541638851166","1.3401265144348","0.4958792924881","0.50153768062592","0.17338038980961","0.47405454516411","1.1401844024658","2017","Happy"
"Bolivia","Latin America and Caribbean","51","5.89","0.68133","0.97841","0.5392","0.57414","0.088","0.20536","2.82334","2015","Happy"
"Bolivia","Latin America and Caribbean","59","5.822","0.79422","0.83779","0.4697","0.50961","0.07746","0.21698","2.91635","2016","Happy"
"Bolivia","Latin America and Caribbean","58","5.8229999542236","0.83375656604767","1.2276190519333","0.47363024950027","0.55873292684555","0.06047772616148","0.22556072473526","2.4432790279388","2017","Happy"
"Bosnia and Herzegovina","Central and Eastern Europe","96","4.949","0.83223","0.91916","0.79081","0.09245","0.00227","0.24808","2.06367","2015","Happy"
"Bosnia and Herzegovina","Central and Eastern Europe","87","5.163","0.93383","0.64367","0.70766","0.09511","0","0.29889","2.48406","2016","Happy"
"Bosnia and Herzegovina","Central and Eastern Europe","90","5.1820001602173","0.98240941762924","1.0693359375","0.70518630743027","0.20440317690373","0","0.32886749505997","1.892172574997","2017","Happy"
"Botswana","Sub-Saharan Africa","128","4.332","0.99355","1.10464","0.04776","0.49495","0.12474","0.10461","1.46181","2015","Happy"
"Botswana","Sub-Saharan Africa","137","3.974","1.09426","0.89186","0.34752","0.44089","0.10769","0.12425","0.96741","2016","Happy"
"Botswana","Sub-Saharan Africa","142","3.7660000324249","1.1220941543579","1.2215549945831","0.34175550937653","0.50519633293152","0.098583199083805","0.099348448216915","0.3779137134552","2017","Happy"
"Brazil","Latin America and Caribbean","16","6.983","0.98124","1.23287","0.69702","0.49049","0.17521","0.14574","3.26001","2015","Very Happy"
"Brazil","Latin America and Caribbean","17","6.952","1.08754","1.03938","0.61415","0.40425","0.14166","0.15776","3.50733","2016","Very Happy"
"Brazil","Latin America and Caribbean","22","6.6350002288818","1.1073532104492","1.4313060045242","0.61655235290527","0.43745374679565","0.11109276115894","0.16234989464283","2.7692670822144","2017","Very Happy"
"Bulgaria","Central and Eastern Europe","134","4.218","1.01216","1.10614","0.76649","0.30587","0.00872","0.11921","0.89991","2015","Happy"
"Bulgaria","Central and Eastern Europe","129","4.217","1.11306","0.92542","0.67806","0.21219","0.00615","0.12793","1.15377","2016","Happy"
"Bulgaria","Central and Eastern Europe","105","4.7140002250671","1.1614590883255","1.4343794584274","0.70821768045425","0.28923171758652","0.011051530949771","0.11317769438028","0.99613928794861","2017","Happy"
"Burkina Faso","Sub-Saharan Africa","152","3.587","0.25812","0.85188","0.27125","0.39493","0.12832","0.21747","1.46494","2015","Happy"
"Burkina Faso","Sub-Saharan Africa","145","3.739","0.31995","0.63054","0.21297","0.3337","0.12533","0.24353","1.87319","2016","Happy"
"Burkina Faso","Sub-Saharan Africa","134","4.0320000648498","0.3502277135849","1.043280005455","0.21584425866604","0.32436785101891","0.12032810598612","0.25086468458176","1.7272129058838","2017","Happy"
"Burundi","Sub-Saharan Africa","157","2.905","0.0153","0.41587","0.22396","0.1185","0.10062","0.19727","1.83302","2015","Unhappy"
"Burundi","Sub-Saharan Africa","157","2.905","0.06831","0.23442","0.15747","0.0432","0.09419","0.2029","2.10404","2016","Unhappy"
"Burundi","Sub-Saharan Africa","154","2.9049999713898","0.091622568666935","0.62979358434677","0.1516107916832","0.059900753200054","0.084147945046425","0.20443518459797","1.6830241680145","2017","Unhappy"
"Cambodia","Southeastern Asia","145","3.819","0.46038","0.62736","0.61114","0.66246","0.07247","0.40359","0.98195","2015","Happy"
"Cambodia","Southeastern Asia","140","3.907","0.55604","0.5375","0.42494","0.58852","0.08092","0.40339","1.31573","2016","Happy"
"Cambodia","Southeastern Asia","129","4.1680002212524","0.60176509618759","1.0062383413315","0.42978340387344","0.63337582349777","0.068105950951576","0.3859229683876","1.0429410934448","2017","Happy"
"Cameroon","Sub-Saharan Africa","133","4.252","0.4225","0.88767","0.23402","0.49309","0.05786","0.20618","1.95071","2015","Happy"
"Cameroon","Sub-Saharan Africa","114","4.513","0.52497","0.62542","0.12698","0.42736","0.06126","0.2268","2.5198","2016","Happy"
"Cameroon","Sub-Saharan Africa","107","4.6950001716614","0.5643053650856","0.94601821899414","0.13289211690426","0.43038874864578","0.051306631416082","0.23629845678806","2.3336455821991","2017","Happy"
"Canada","North America","5","7.427","1.32629","1.32261","0.90563","0.63297","0.32957","0.45811","2.45176","2015","Very Happy"
"Canada","North America","6","7.404","1.44015","1.0961","0.8276","0.5737","0.31329","0.44834","2.70485","2016","Very Happy"
"Canada","North America","7","7.3159999847412","1.479204416275","1.481348991394","0.83455765247345","0.61110091209412","0.28737151622772","0.43553972244263","2.1872644424438","2017","Very Happy"
"Central African Republic","Sub-Saharan Africa","148","3.678","0.0785","0","0.06699","0.48879","0.08289","0.23835","2.7223","2015","Happy"
"Central African Republic","Sub-Saharan Africa","155","2.6930000782013","0","0","0.01877268590033","0.27084204554558","0.056565076112747","0.28087648749352","2.0660047531128","2017","Unhappy"
"Chad","Sub-Saharan Africa","149","3.667","0.34193","0.76062","0.1501","0.23501","0.05269","0.18386","1.94296","2015","Happy"
"Chad","Sub-Saharan Africa","144","3.763","0.42214","0.63178","0.03824","0.12807","0.04952","0.18667","2.30637","2016","Happy"
"Chad","Sub-Saharan Africa","137","3.9360001087189","0.43801298737526","0.95385587215424","0.041134715080261","0.16234202682972","0.05358188226819","0.21611385047436","2.0712380409241","2017","Happy"
"Chile","Latin America and Caribbean","27","6.67","1.10715","1.12447","0.85857","0.44132","0.12869","0.33363","2.67585","2015","Very Happy"
"Chile","Latin America and Caribbean","24","6.705","1.2167","0.90587","0.81883","0.37789","0.11451","0.31595","2.95505","2016","Very Happy"
"Chile","Latin America and Caribbean","20","6.6519999504089","1.2527846097946","1.2840249538422","0.8194797039032","0.37689527869224","0.082287982106209","0.3266624212265","2.5095858573914","2017","Very Happy"
"China","Eastern Asia","84","5.14","0.89012","0.94675","0.81658","0.51697","0.02781","0.08185","1.8604","2015","Happy"
"China","Eastern Asia","83","5.245","1.0278","0.79381","0.73561","0.44012","0.02745","0.04959","2.17087","2016","Happy"
"China","Eastern Asia","79","5.2729997634888","1.0811657905579","1.1608374118805","0.74141550064087","0.47278770804405","0.022794274613261","0.028806841000915","1.7649385929108","2017","Happy"
"Colombia","Latin America and Caribbean","33","6.477","0.91861","1.24018","0.69077","0.53466","0.0512","0.18401","2.85737","2015","Happy"
"Colombia","Latin America and Caribbean","31","6.481","1.03032","1.02169","0.59659","0.44735","0.05399","0.15626","3.17471","2016","Happy"
"Colombia","Latin America and Caribbean","36","6.356999874115","1.0706223249435","1.4021829366684","0.59502792358398","0.4774874150753","0.046668741852045","0.14901447296143","2.6160681247711","2017","Happy"
"Comoros","Sub-Saharan Africa","140","3.956","0.23906","0.79273","0.36315","0.22917","0.199","0.17441","1.95812","2015","Happy"
"Comoros","Sub-Saharan Africa","138","3.956","0.27509","0.60323","0.29981","0.15412","0.18437","0.1827","2.25632","2016","Happy"
"Congo (Brazzaville)","Sub-Saharan Africa","139","3.989","0.67866","0.6629","0.31051","0.41466","0.11686","0.12388","1.68135","2015","Happy"
"Congo (Brazzaville)","Sub-Saharan Africa","127","4.236","0.77109","0.47799","0.28212","0.37938","0.09753","0.12077","2.10681","2016","Happy"
"Congo (Brazzaville)","Sub-Saharan Africa","124","4.2909998893738","0.80896425247192","0.83204436302185","0.28995743393898","0.43502587080002","0.079618133604527","0.12085212767124","1.7241356372833","2017","Happy"
"Congo (Kinshasa)","Sub-Saharan Africa","120","4.517","0","1.0012","0.09806","0.22605","0.07625","0.24834","2.86712","2015","Happy"
"Congo (Kinshasa)","Sub-Saharan Africa","125","4.272","0.05661","0.80676","0.188","0.15602","0.06075","0.25458","2.74924","2016","Happy"
"Congo (Kinshasa)","Sub-Saharan Africa","126","4.2800002098083","0.092102348804474","1.2290234565735","0.19140702486038","0.23596134781837","0.060241356492042","0.24645583331585","2.2249586582184","2017","Happy"
"Costa Rica","Latin America and Caribbean","12","7.226","0.95578","1.23788","0.86027","0.63376","0.10583","0.25497","3.17728","2015","Very Happy"
"Costa Rica","Latin America and Caribbean","14","7.087","1.06879","1.02152","0.76146","0.55225","0.10547","0.22553","3.35168","2016","Very Happy"
"Costa Rica","Latin America and Caribbean","12","7.0789999961853","1.1097062826157","1.4164036512375","0.75950926542282","0.58013164997101","0.10010658949614","0.21461322903633","2.8986392021179","2017","Very Happy"
"Croatia","Central and Eastern Europe","62","5.759","1.08254","0.79624","0.78805","0.25883","0.0243","0.05444","2.75414","2015","Happy"
"Croatia","Central and Eastern Europe","74","5.488","1.18649","0.60809","0.70524","0.23907","0.04002","0.18434","2.52462","2016","Happy"
"Croatia","Central and Eastern Europe","77","5.2930002212524","1.2225562334061","0.96798300743103","0.70128852128982","0.25577229261398","0.043103110045195","0.24800297617912","1.8544924259186","2017","Happy"
"Cyprus","Western Europe","67","5.689","1.20813","0.89318","0.92356","0.40672","0.06146","0.30638","1.88931","2015","Happy"
"Cyprus","Western Europe","69","5.546","1.31857","0.70697","0.8488","0.29507","0.05228","0.27906","2.04497","2016","Happy"
"Cyprus","Western Europe","65","5.6209998130798","1.355938076973","1.1313632726669","0.84471470117569","0.35511153936386","0.041237976402044","0.27125430107117","1.6212491989136","2017","Happy"
"Czech Republic","Central and Eastern Europe","31","6.505","1.17898","1.20643","0.84483","0.46364","0.02652","0.10686","2.67782","2015","Happy"
"Czech Republic","Central and Eastern Europe","27","6.596","1.30915","1.00793","0.76376","0.41418","0.03986","0.09929","2.96211","2016","Happy"
"Czech Republic","Central and Eastern Europe","23","6.6090002059936","1.352682352066","1.433885216713","0.75444400310516","0.49094617366791","0.036872927099466","0.088106758892536","2.4518618583679","2017","Very Happy"
"Denmark","Western Europe","3","7.527","1.32548","1.36058","0.87464","0.64938","0.48357","0.34139","2.49204","2015","Very Happy"
"Denmark","Western Europe","1","7.526","1.44178","1.16374","0.79504","0.57941","0.44453","0.36171","2.73939","2016","Very Happy"
"Denmark","Western Europe","2","7.521999835968","1.4823830127716","1.5511215925217","0.79256552457809","0.62600672245026","0.40077006816864","0.35528048872948","2.3137073516846","2017","Very Happy"
"Djibouti","Sub-Saharan Africa","126","4.369","0.44025","0.59207","0.36291","0.46074","0.28105","0.18093","2.05125","2015","Happy"
"Dominican Republic","Latin America and Caribbean","98","4.885","0.89537","1.17202","0.66825","0.57672","0.14234","0.21684","1.21305","2015","Happy"
"Dominican Republic","Latin America and Caribbean","89","5.155","1.02787","0.99496","0.57669","0.52259","0.12372","0.21286","1.69626","2016","Happy"
"Dominican Republic","Latin America and Caribbean","86","5.2300000190735","1.0793738365173","1.4024167060852","0.57487374544144","0.55258983373642","0.11394525319338","0.18696784973145","1.3194651603699","2017","Happy"
"Ecuador","Latin America and Caribbean","48","5.975","0.86402","0.99903","0.79075","0.48574","0.1809","0.11541","2.53942","2015","Happy"
"Ecuador","Latin America and Caribbean","51","5.976","0.97306","0.85974","0.68613","0.4027","0.18037","0.10074","2.77366","2016","Happy"
"Ecuador","Latin America and Caribbean","44","6.0079998970032","1.0008203983307","1.2861688137054","0.68563622236252","0.4551981985569","0.14013464748859","0.15011246502399","2.2903525829315","2017","Happy"
"Egypt","Middle East and Northern Africa","135","4.194","0.8818","0.747","0.61712","0.17288","0.06324","0.11291","1.59927","2015","Happy"
"Egypt","Middle East and Northern Africa","120","4.362","0.95395","0.49813","0.52116","0.18847","0.10393","0.12706","1.96895","2016","Happy"
"Egypt","Middle East and Northern Africa","104","4.7350001335144","0.98970180749893","0.99747139215469","0.5201872587204","0.28211015462875","0.11438136547804","0.12863144278526","1.7021610736847","2017","Happy"
"El Salvador","Latin America and Caribbean","42","6.13","0.76454","1.02507","0.67737","0.4035","0.11776","0.10692","3.035","2015","Happy"
"El Salvador","Latin America and Caribbean","46","6.068","0.8737","0.80975","0.596","0.37269","0.10613","0.08877","3.22134","2016","Happy"
"El Salvador","Latin America and Caribbean","45","6.0029997825623","0.90978449583054","1.1821250915527","0.59601855278015","0.43245252966881","0.089980959892273","0.078257985413074","2.7145938873291","2017","Happy"
"Estonia","Central and Eastern Europe","73","5.429","1.15174","1.22791","0.77361","0.44888","0.15184","0.0868","1.58782","2015","Happy"
"Estonia","Central and Eastern Europe","72","5.517","1.27964","1.05163","0.68098","0.41511","0.18519","0.08423","1.81985","2016","Happy"
"Estonia","Central and Eastern Europe","66","5.6110000610352","1.3208793401718","1.4766710996628","0.69516831636429","0.4791314303875","0.18324892222881","0.09889081120491","1.3575086593628","2017","Happy"
"Ethiopia","Sub-Saharan Africa","122","4.512","0.19073","0.60406","0.44055","0.4345","0.15048","0.24325","2.44876","2015","Happy"
"Ethiopia","Sub-Saharan Africa","115","4.508","0.29283","0.37932","0.34578","0.36703","0.1717","0.29522","2.65614","2016","Happy"
"Ethiopia","Sub-Saharan Africa","119","4.460000038147","0.33923384547234","0.86466920375824","0.35340970754623","0.40884274244308","0.16545571386814","0.31265074014664","2.0157437324524","2017","Happy"
"Finland","Western Europe","6","7.406","1.29025","1.31826","0.88911","0.64169","0.41372","0.23351","2.61955","2015","Very Happy"
"Finland","Western Europe","5","7.413","1.40598","1.13464","0.81091","0.57104","0.41004","0.25492","2.82596","2016","Very Happy"
"Finland","Western Europe","5","7.4689998626709","1.4435719251633","1.5402467250824","0.80915766954422","0.61795085668564","0.38261154294014","0.24548277258873","2.4301815032959","2017","Very Happy"
"France","Western Europe","29","6.575","1.27778","1.26038","0.94579","0.55011","0.20646","0.12332","2.21126","2015","Happy"
"France","Western Europe","32","6.478","1.39488","1.00508","0.83795","0.46562","0.17808","0.1216","2.4744","2016","Happy"
"France","Western Europe","31","6.441999912262","1.4309234619141","1.3877768516541","0.84446585178375","0.47022211551666","0.17250242829323","0.12976230680942","2.0059547424316","2017","Happy"
"Gabon","Sub-Saharan Africa","143","3.896","1.06024","0.90528","0.43372","0.31914","0.11091","0.06822","0.99895","2015","Happy"
"Gabon","Sub-Saharan Africa","134","4.121","1.15851","0.72368","0.3494","0.28098","0.09314","0.06244","1.45332","2016","Happy"
"Gabon","Sub-Saharan Africa","118","4.4650001525879","1.1982102394104","1.1556202173233","0.35657858848572","0.31232857704163","0.076046787202358","0.043785378336906","1.3229162693024","2017","Happy"
"Georgia","Central and Eastern Europe","130","4.297","0.7419","0.38562","0.72926","0.40577","0.38331","0.05547","1.59541","2015","Happy"
"Georgia","Central and Eastern Europe","126","4.252","0.83792","0.19249","0.64035","0.32461","0.3188","0.06786","1.87031","2016","Happy"
"Georgia","Central and Eastern Europe","125","4.2859997749329","0.95061266422272","0.57061493396759","0.64954698085785","0.3094100356102","0.25166663527489","0.054008815437555","1.5001378059387","2017","Happy"
"Germany","Western Europe","26","6.75","1.32792","1.29937","0.89186","0.61477","0.21843","0.28214","2.11569","2015","Very Happy"
"Germany","Western Europe","16","6.994","1.44787","1.09774","0.81487","0.53466","0.28551","0.30452","2.50931","2016","Very Happy"
"Germany","Western Europe","16","6.9510002136231","1.4879233837128","1.4725203514099","0.7989507317543","0.56251138448715","0.2767319381237","0.33626917004585","2.0157699584961","2017","Very Happy"
"Ghana","Sub-Saharan Africa","114","4.633","0.54558","0.67954","0.40132","0.42342","0.04355","0.23087","2.30919","2015","Happy"
"Ghana","Sub-Saharan Africa","124","4.276","0.63107","0.49353","0.29681","0.40973","0.0326","0.21203","2.2002","2016","Happy"
"Ghana","Sub-Saharan Africa","131","4.1199998855591","0.66722482442856","0.87366473674774","0.29563772678375","0.42302629351616","0.025336369872093","0.25692394375801","1.5778675079346","2017","Happy"
"Greece","Western Europe","102","4.857","1.15406","0.92933","0.88213","0.07699","0.01397","0","1.80101","2015","Happy"
"Greece","Western Europe","99","5.033","1.24886","0.75473","0.80029","0.05822","0.04127","0","2.12944","2016","Happy"
"Greece","Western Europe","87","5.2270002365112","1.2894874811173","1.2394145727158","0.8101989030838","0.095731250941753","0.04328977689147","0","1.7492215633392","2017","Happy"
"Guatemala","Latin America and Caribbean","43","6.123","0.74553","1.04356","0.64425","0.57733","0.09472","0.27489","2.74255","2015","Happy"
"Guatemala","Latin America and Caribbean","39","6.324","0.83454","0.87119","0.54039","0.50379","0.08701","0.28808","3.19863","2016","Happy"
"Guatemala","Latin America and Caribbean","29","6.4539999961853","0.87200194597244","1.255585193634","0.54023998975754","0.53131061792374","0.077223278582096","0.2834883928299","2.8938910961151","2017","Happy"
"Guinea","Sub-Saharan Africa","150","3.656","0.17417","0.46475","0.24009","0.37725","0.12139","0.28657","1.99172","2015","Happy"
"Guinea","Sub-Saharan Africa","151","3.607","0.22415","0.3109","0.18829","0.30953","0.1192","0.29914","2.15604","2016","Happy"
"Guinea","Sub-Saharan Africa","149","3.5069999694824","0.24454993009567","0.79124468564987","0.19412913918495","0.34858751296997","0.11093761771917","0.26481509208679","1.5523118972778","2017","Happy"
"Haiti","Latin America and Caribbean","119","4.518","0.26673","0.74302","0.38847","0.24425","0.17175","0.46187","2.24173","2015","Happy"
"Haiti","Latin America and Caribbean","136","4.028","0.34097","0.29561","0.27494","0.12072","0.14476","0.47958","2.37116","2016","Happy"
"Haiti","Latin America and Caribbean","145","3.6029999256134","0.36861026287079","0.64044982194901","0.27732113003731","0.03036985732615","0.099872149527073","0.48920378088951","1.697167634964","2017","Happy"
"Honduras","Latin America and Caribbean","105","4.788","0.59532","0.95348","0.6951","0.40148","0.06825","0.23027","1.84408","2015","Happy"
"Honduras","Latin America and Caribbean","104","4.871","0.69429","0.75596","0.58383","0.26755","0.06906","0.2044","2.29551","2016","Happy"
"Honduras","Latin America and Caribbean","91","5.1810002326965","0.730573117733","1.143944978714","0.58256947994232","0.34807986021042","0.073345452547073","0.23618887364864","2.0658111572266","2017","Happy"
"Hong Kong","Eastern Asia","72","5.474","1.38604","1.05818","1.01328","0.59608","0.37124","0.39478","0.65429","2015","Happy"
"Hong Kong","Eastern Asia","75","5.458","1.5107","0.87021","0.95277","0.48079","0.31647","0.40097","0.92614","2016","Happy"
"Hong Kong S.A.R., China","Eastern Asia","71","5.4720001220703","1.5516748428345","1.2627909183502","0.94306242465973","0.49096864461899","0.29393374919891","0.3744657933712","0.55463314056396","2017","Happy"
"Hungary","Central and Eastern Europe","104","4.8","1.12094","1.20215","0.75905","0.32112","0.02758","0.128","1.24074","2015","Happy"
"Hungary","Central and Eastern Europe","91","5.145","1.24142","0.93164","0.67608","0.1977","0.04472","0.099","1.95473","2016","Happy"
"Hungary","Central and Eastern Europe","75","5.3239998817444","1.2860119342804","1.3431330919266","0.68776345252991","0.17586351931095","0.036636937409639","0.078401662409306","1.716459274292","2017","Happy"
"Iceland","Western Europe","2","7.561","1.30232","1.40223","0.94784","0.62877","0.14145","0.4363","2.70201","2015","Very Happy"
"Iceland","Western Europe","3","7.501","1.42666","1.18326","0.86733","0.56624","0.14975","0.47678","2.83137","2016","Very Happy"
"Iceland","Western Europe","3","7.5040001869202","1.480633020401","1.6105740070343","0.83355212211609","0.62716263532639","0.15352655947208","0.47554022073746","2.3227152824402","2017","Very Happy"
"India","Southern Asia","117","4.565","0.64499","0.38174","0.51529","0.39786","0.08492","0.26475","2.27513","2015","Happy"
"India","Southern Asia","118","4.404","0.74036","0.29247","0.45091","0.40285","0.08722","0.25028","2.18032","2016","Happy"
"India","Southern Asia","122","4.3150000572205","0.79222124814987","0.75437259674072","0.45542761683464","0.46998700499535","0.092226885259152","0.23153848946094","1.5191171169281","2017","Happy"
"Indonesia","Southeastern Asia","74","5.399","0.82827","1.08708","0.63793","0.46611","0","0.51535","1.86399","2015","Happy"
"Indonesia","Southeastern Asia","79","5.314","0.95104","0.87625","0.49374","0.39237","0.00322","0.56521","2.03171","2016","Happy"
"Indonesia","Southeastern Asia","81","5.2620000839233","0.99553859233856","1.2744446992874","0.49234572052956","0.44332346320152","0.015317135490477","0.6117045879364","1.4294769763946","2017","Happy"
"Iran","Middle East and Northern Africa","110","4.686","1.0088","0.54447","0.69805","0.30033","0.05863","0.38086","1.6944","2015","Happy"
"Iran","Middle East and Northern Africa","105","4.813","1.11758","0.38857","0.64232","0.22544","0.0557","0.38538","1.99817","2016","Happy"
"Iran","Middle East and Northern Africa","108","4.691999912262","1.1568731069565","0.71155124902725","0.63933318853378","0.24932260811329","0.048761073499918","0.38724291324616","1.4987349510193","2017","Happy"
"Iraq","Middle East and Northern Africa","112","4.677","0.98549","0.81889","0.60237","0","0.13788","0.17922","1.95335","2015","Happy"
"Iraq","Middle East and Northern Africa","112","4.575","1.07474","0.59205","0.51076","0.24856","0.13636","0.19589","1.81657","2016","Happy"
"Iraq","Middle East and Northern Africa","117","4.4970002174377","1.1027104854584","0.9786131978035","0.50118046998978","0.28855553269386","0.10721575468779","0.19963726401329","1.3189072608948","2017","Happy"
"Ireland","Western Europe","18","6.94","1.33596","1.36948","0.89533","0.61777","0.28703","0.45901","1.9757","2015","Very Happy"
"Ireland","Western Europe","19","6.907","1.48341","1.16157","0.81455","0.54008","0.29754","0.44963","2.15988","2016","Very Happy"
"Ireland","Western Europe","15","6.9770002365112","1.5357066392899","1.5582311153412","0.80978262424469","0.57311034202576","0.29838815331459","0.42785832285881","1.7738690376282","2017","Very Happy"
"Israel","Middle East and Northern Africa","11","7.278","1.22857","1.22393","0.91387","0.41319","0.07785","0.33172","3.08854","2015","Very Happy"
"Israel","Middle East and Northern Africa","11","7.267","1.33766","0.99537","0.84917","0.36432","0.08728","0.32288","3.31029","2016","Very Happy"
"Israel","Middle East and Northern Africa","11","7.2129998207092","1.3753824234009","1.3762899637222","0.83840399980545","0.40598860383034","0.085242100059986","0.330082654953","2.8017573356628","2017","Very Happy"
"Italy","Western Europe","50","5.948","1.25114","1.19777","0.95446","0.26236","0.02901","0.22823","2.02518","2015","Happy"
"Italy","Western Europe","50","5.977","1.35495","1.04167","0.85102","0.18827","0.02556","0.16684","2.34918","2016","Happy"
"Italy","Western Europe","48","5.9640002250671","1.3950666189194","1.4449232816696","0.85314434766769","0.25645071268082","0.028028091415763","0.17278964817524","1.8133120536804","2017","Happy"
"Ivory Coast","Sub-Saharan Africa","151","3.655","0.46534","0.77115","0.15185","0.46866","0.17922","0.20165","1.41723","2015","Happy"
"Ivory Coast","Sub-Saharan Africa","139","3.916","0.55507","0.57576","0.04476","0.40663","0.1553","0.20338","1.97478","2016","Happy"
"Ivory Coast","Sub-Saharan Africa","128","4.1799998283386","0.60304892063141","0.90478003025055","0.048642169684172","0.44770619273186","0.13006177544594","0.20123746991158","1.8449642658234","2017","Happy"
"Jamaica","Latin America and Caribbean","65","5.709","0.81038","1.15102","0.68741","0.50442","0.02299","0.2123","2.32038","2015","Happy"
"Jamaica","Latin America and Caribbean","73","5.51","0.89333","0.96372","0.59469","0.43597","0.04294","0.22245","2.35682","2016","Happy"
"Jamaica","Latin America and Caribbean","76","5.3109998703003","0.9255793094635","1.3682180643082","0.64102238416672","0.47430723905563","0.055267781019211","0.23381833732128","1.612325668335","2017","Happy"
"Japan","Eastern Asia","46","5.987","1.27074","1.25712","0.99111","0.49615","0.1806","0.10705","1.68435","2015","Happy"
"Japan","Eastern Asia","53","5.921","1.38007","1.06054","0.91491","0.46761","0.18985","0.10224","1.80584","2016","Happy"
"Japan","Eastern Asia","51","5.9200000762939","1.4169151782989","1.4363378286362","0.91347587108612","0.50562554597855","0.16376073658466","0.12057276815176","1.3632235527039","2017","Happy"
"Jordan","Middle East and Northern Africa","82","5.192","0.90198","1.05392","0.69639","0.40661","0.14293","0.11053","1.87996","2015","Happy"
"Jordan","Middle East and Northern Africa","80","5.303","0.99673","0.86216","0.60712","0.36023","0.13297","0.14262","2.20142","2016","Happy"
"Jordan","Middle East and Northern Africa","74","5.3359999656677","0.99101239442825","1.2390888929367","0.60459005832672","0.41842114925384","0.11980327218771","0.17217046022415","1.7911765575409","2017","Happy"
"Kazakhstan","Central and Eastern Europe","54","5.855","1.12254","1.12241","0.64368","0.51649","0.08454","0.11827","2.24729","2015","Happy"
"Kazakhstan","Central and Eastern Europe","54","5.919","1.22943","0.95544","0.57386","0.4052","0.11132","0.15011","2.49325","2016","Happy"
"Kazakhstan","Central and Eastern Europe","60","5.8189997673035","1.2845562696457","1.3843690156937","0.60604155063629","0.43745428323746","0.11928288638592","0.20196442306042","1.7848925590515","2017","Happy"
"Kenya","Sub-Saharan Africa","125","4.419","0.36471","0.99876","0.41435","0.42215","0.05839","0.37542","1.78555","2015","Happy"
"Kenya","Sub-Saharan Africa","122","4.356","0.52267","0.7624","0.30147","0.40576","0.06686","0.41328","1.88326","2016","Happy"
"Kenya","Sub-Saharan Africa","112","4.5529999732971","0.56047946214676","1.0679507255554","0.30998834967613","0.45276376605034","0.064641319215298","0.44486030936241","1.6519021987915","2017","Happy"
"Kosovo","Central and Eastern Europe","69","5.589","0.80148","0.81198","0.63132","0.24749","0.04741","0.2831","2.76579","2015","Happy"
"Kosovo","Central and Eastern Europe","77","5.401","0.90145","0.66062","0.54","0.14396","0.06547","0.27992","2.80998","2016","Happy"
"Kosovo","Central and Eastern Europe","78","5.2789998054504","0.95148438215256","1.1378535032272","0.54145205020904","0.26028794050217","0.057471618056297","0.31993144750595","2.0105407238007","2017","Happy"
"Kuwait","Middle East and Northern Africa","39","6.295","1.55422","1.16594","0.72492","0.55499","0.25609","0.16228","1.87634","2015","Happy"
"Kuwait","Middle East and Northern Africa","41","6.239","1.61714","0.87758","0.63569","0.43166","0.23669","0.15965","2.28085","2016","Happy"
"Kuwait","Middle East and Northern Africa","39","6.1050000190735","1.6329524517059","1.2596987485886","0.63210570812225","0.49633759260178","0.21515955030918","0.22828979790211","1.6404252052307","2017","Happy"
"Kyrgyzstan","Central and Eastern Europe","77","5.286","0.47428","1.15115","0.65088","0.43477","0.04232","0.3003","2.2327","2015","Happy"
"Kyrgyzstan","Central and Eastern Europe","85","5.185","0.56044","0.95434","0.55449","0.40212","0.04762","0.38432","2.28136","2016","Happy"
"Kyrgyzstan","Central and Eastern Europe","98","5.0040001869202","0.59622007608414","1.3942385911941","0.55345779657364","0.45494338870049","0.039439179003239","0.42858037352562","1.5367231369019","2017","Happy"
"Laos","Southeastern Asia","99","4.876","0.59066","0.73803","0.54909","0.59591","0.24249","0.42192","1.73799","2015","Happy"
"Laos","Southeastern Asia","102","4.876","0.68042","0.5497","0.38291","0.52168","0.22423","0.43079","2.08637","2016","Happy"
"Latvia","Central and Eastern Europe","89","5.098","1.11312","1.09562","0.72437","0.29671","0.06332","0.18226","1.62215","2015","Happy"
"Latvia","Central and Eastern Europe","68","5.56","1.21788","0.95025","0.63952","0.27996","0.0889","0.17445","2.20859","2016","Happy"
"Latvia","Central and Eastern Europe","54","5.8499999046326","1.2607486248016","1.4047149419784","0.63856697082519","0.32570791244507","0.073842726647854","0.15307478606701","1.993655204773","2017","Happy"
"Lebanon","Middle East and Northern Africa","103","4.839","1.02564","0.80001","0.83947","0.33916","0.04582","0.21854","1.57059","2015","Happy"
"Lebanon","Middle East and Northern Africa","93","5.129","1.12268","0.64184","0.76171","0.26228","0.03061","0.23693","2.07339","2016","Happy"
"Lebanon","Middle East and Northern Africa","88","5.2249999046326","1.0749875307083","1.129624247551","0.73508107662201","0.28851598501205","0.037513829767704","0.2644507586956","1.6950738430023","2017","Happy"
"Lesotho","Sub-Saharan Africa","97","4.898","0.37545","1.04103","0.07612","0.31767","0.12504","0.16388","2.79832","2015","Happy"
"Lesotho","Sub-Saharan Africa","139","3.808000087738","0.52102124691009","1.1900951862335","0","0.39066129922867","0.11909464001656","0.15749727189541","1.429835319519","2017","Happy"
"Liberia","Sub-Saharan Africa","116","4.571","0.0712","0.78968","0.34201","0.28531","0.06232","0.24362","2.77729","2015","Happy"
"Liberia","Sub-Saharan Africa","150","3.622","0.10706","0.50353","0.23165","0.25748","0.04852","0.24063","2.23284","2016","Happy"
"Liberia","Sub-Saharan Africa","148","3.5329999923706","0.11904179304838","0.87211793661118","0.22991819679737","0.33288118243218","0.038948249071836","0.26654988527298","1.6732859611511","2017","Happy"
"Libya","Middle East and Northern Africa","63","5.754","1.13145","1.11862","0.7038","0.41668","0.11023","0.18295","2.09066","2015","Happy"
"Libya","Middle East and Northern Africa","67","5.615","1.06688","0.95076","0.52304","0.40672","0.10339","0.17087","2.39374","2016","Happy"
"Libya","Middle East and Northern Africa","68","5.5250000953674","1.1018030643463","1.357564330101","0.5201690196991","0.46573323011398","0.092610210180283","0.15207366645336","1.8350112438202","2017","Happy"
"Lithuania","Central and Eastern Europe","56","5.833","1.14723","1.25745","0.73128","0.21342","0.01031","0.02641","2.44649","2015","Happy"
"Lithuania","Central and Eastern Europe","60","5.813","1.2692","1.06411","0.64674","0.18929","0.0182","0.02025","2.60525","2016","Happy"
"Lithuania","Central and Eastern Europe","52","5.9019999504089","1.3145823478699","1.4735161066055","0.62894994020462","0.23423178493977","0.011865642853081","0.010164656676352","2.2284405231476","2017","Happy"
"Luxembourg","Western Europe","17","6.946","1.56391","1.21963","0.91894","0.61583","0.37798","0.28034","1.96961","2015","Very Happy"
"Luxembourg","Western Europe","20","6.871","1.69752","1.03999","0.84542","0.5487","0.35329","0.27571","2.11055","2016","Very Happy"
"Luxembourg","Western Europe","18","6.8629999160767","1.7419435977936","1.4575836658478","0.84508949518204","0.59662789106369","0.31883442401886","0.28318098187447","1.6195120811462","2017","Very Happy"
"Macedonia","Central and Eastern Europe","93","5.007","0.91851","1.00232","0.73545","0.33457","0.05327","0.22359","1.73933","2015","Happy"
"Macedonia","Central and Eastern Europe","95","5.121","1.0193","0.78236","0.64738","0.27668","0.07047","0.23507","2.08947","2016","Happy"
"Macedonia","Central and Eastern Europe","92","5.1750001907349","1.0645779371262","1.2078930139542","0.6449481844902","0.32590597867966","0.060277793556452","0.25376096367836","1.6174693107605","2017","Happy"
"Madagascar","Sub-Saharan Africa","147","3.681","0.20824","0.66801","0.46721","0.19184","0.08124","0.21333","1.851","2015","Happy"
"Madagascar","Sub-Saharan Africa","148","3.695","0.27954","0.46115","0.37109","0.13684","0.07506","0.2204","2.15075","2016","Happy"
"Madagascar","Sub-Saharan Africa","144","3.6440000534058","0.30580869317055","0.91302037239075","0.37522330880165","0.18919676542282","0.067231975495815","0.20873253047466","1.5846126079559","2017","Happy"
"Malawi","Sub-Saharan Africa","131","4.292","0.01604","0.41134","0.22562","0.43054","0.06977","0.33128","2.80791","2015","Happy"
"Malawi","Sub-Saharan Africa","132","4.156","0.08709","0.147","0.29364","0.4143","0.07564","0.30968","2.82859","2016","Happy"
"Malawi","Sub-Saharan Africa","136","3.9700000286102","0.23344203829765","0.51256883144379","0.31508958339691","0.46691465377808","0.072711654007435","0.28717046976089","2.0817861557007","2017","Happy"
"Malaysia","Southeastern Asia","61","5.77","1.12486","1.07023","0.72394","0.53024","0.10501","0.33075","1.88541","2015","Happy"
"Malaysia","Southeastern Asia","47","6.005","1.25142","0.88025","0.62366","0.39031","0.09081","0.41474","2.35384","2016","Happy"
"Malaysia","Southeastern Asia","42","6.0840001106262","1.2912154197693","1.2846460342407","0.61878442764282","0.40226498246193","0.065600708127022","0.41660892963409","2.004448890686","2017","Happy"
"Mali","Sub-Saharan Africa","138","3.995","0.26074","1.03526","0.20583","0.38857","0.12352","0.18798","1.79293","2015","Happy"
"Mali","Sub-Saharan Africa","135","4.073","0.31292","0.86333","0.16347","0.27544","0.13647","0.21064","2.11087","2016","Happy"
"Mali","Sub-Saharan Africa","127","4.1900000572205","0.47618049383164","1.2814733982086","0.16936567425728","0.30661374330521","0.10497024655342","0.18335419893265","1.6681909561157","2017","Happy"
"Malta","Western Europe","37","6.302","1.2074","1.30203","0.88721","0.60365","0.13586","0.51752","1.6488","2015","Happy"
"Malta","Western Europe","30","6.488","1.30782","1.09879","0.80315","0.54994","0.17554","0.56237","1.99032","2016","Happy"
"Malta","Western Europe","27","6.5269999504089","1.343279838562","1.4884116649628","0.82194423675537","0.58876705169678","0.15306606888771","0.57473057508469","1.5568628311157","2017","Happy"
"Mauritania","Sub-Saharan Africa","124","4.436","0.45407","0.86908","0.35874","0.24232","0.17461","0.219","2.11773","2015","Happy"
"Mauritania","Sub-Saharan Africa","130","4.201","0.61391","0.84142","0.28639","0.1268","0.17955","0.22686","1.9263","2016","Happy"
"Mauritania","Sub-Saharan Africa","123","4.2919998168945","0.64845728874206","1.2720308303833","0.2853492796421","0.09609804302454","0.13695700466633","0.20187002420425","1.6516373157501","2017","Happy"
"Mauritius","Sub-Saharan Africa","71","5.477","1.00761","0.98521","0.7095","0.56066","0.07521","0.37744","1.76145","2015","Happy"
"Mauritius","Sub-Saharan Africa","66","5.648","1.14372","0.75695","0.66189","0.46145","0.05203","0.36951","2.20223","2016","Happy"
"Mauritius","Sub-Saharan Africa","64","5.6290001869202","1.1893955469132","1.2095609903336","0.63800746202469","0.49124732613563","0.042181555181742","0.36093375086784","1.6975839138031","2017","Happy"
"Mexico","Latin America and Caribbean","14","7.187","1.02054","0.91451","0.81444","0.48181","0.21312","0.14074","3.60214","2015","Very Happy"
"Mexico","Latin America and Caribbean","21","6.778","1.11508","0.7146","0.71143","0.37709","0.18355","0.11735","3.55906","2016","Very Happy"
"Mexico","Latin America and Caribbean","25","6.5780000686645","1.1531838178635","1.210862159729","0.70997899770737","0.41273000836372","0.13277411460877","0.12099043279886","2.8371548652649","2017","Happy"
"Moldova","Central and Eastern Europe","52","5.889","0.59448","1.01528","0.61826","0.32818","0.01615","0.20951","3.10712","2015","Happy"
"Moldova","Central and Eastern Europe","55","5.897","0.69177","0.83132","0.52309","0.25202","0.01903","0.19997","3.38007","2016","Happy"
"Moldova","Central and Eastern Europe","56","5.8379998207092","0.72887063026428","1.2518255710602","0.58946520090103","0.24072904884815","0.010091286152601","0.20877912640572","2.8078083992004","2017","Happy"
"Mongolia","Eastern Asia","100","4.874","0.82819","1.3006","0.60268","0.43626","0.02666","0.3323","1.34759","2015","Happy"
"Mongolia","Eastern Asia","101","4.907","0.98853","1.08983","0.55469","0.35972","0.03285","0.34539","1.53586","2016","Happy"
"Mongolia","Eastern Asia","100","4.9549999237061","1.027235865593","1.4930112361908","0.55778348445892","0.39414396882057","0.032902289181948","0.338464230299","1.1112923622131","2017","Happy"
"Montenegro","Central and Eastern Europe","82","5.192","0.97438","0.90557","0.72521","0.1826","0.14296","0.1614","2.10017","2015","Happy"
"Montenegro","Central and Eastern Europe","88","5.161","1.07838","0.74173","0.63533","0.15111","0.12721","0.17191","2.25531","2016","Happy"
"Montenegro","Central and Eastern Europe","83","5.2369999885559","1.1211290359497","1.2383764982223","0.66746467351913","0.19498905539513","0.088174194097519","0.19791102409363","1.7291915416718","2017","Happy"
"Morocco","Middle East and Northern Africa","92","5.013","0.73479","0.64095","0.60954","0.41691","0.08546","0.07172","2.45373","2015","Happy"
"Morocco","Middle East and Northern Africa","90","5.151","0.84058","0.38595","0.59471","0.25646","0.08404","0.04053","2.94891","2016","Happy"
"Morocco","Middle East and Northern Africa","84","5.2350001335144","0.87811458110809","0.77486443519592","0.59771066904068","0.40815833210945","0.08776318281889","0.032209955155849","2.4561893939972","2017","Happy"
"Mozambique","Sub-Saharan Africa","94","4.971","0.08308","1.02626","0.09131","0.34037","0.15603","0.22269","3.05137","2015","Happy"
"Mozambique","Sub-Saharan Africa","113","4.5500001907349","0.2343056499958","0.87070101499557","0.10665443539619","0.48079109191894","0.17943638563156","0.32222810387611","2.3556509017944","2017","Happy"
"Myanmar","Southeastern Asia","129","4.307","0.27108","0.70905","0.48246","0.44017","0.19034","0.79588","1.41805","2015","Happy"
"Myanmar","Southeastern Asia","119","4.395","0.34112","0.69981","0.3988","0.42692","0.20243","0.81971","1.50655","2016","Happy"
"Myanmar","Southeastern Asia","114","4.5450000762939","0.3671105504036","1.1232359409332","0.3975225687027","0.51449203491211","0.18881620466709","0.83807516098023","1.1152904033661","2017","Happy"
"Namibia","Sub-Saharan Africa","113","4.574","0.93287","0.70362","0.34745","0.48614","0.10398","0.07795","1.92198","2016","Happy"
"Namibia","Sub-Saharan Africa","111","4.5739998817444","0.96443432569504","1.0984708070755","0.33861181139946","0.52030354738235","0.093146972358227","0.077133744955063","1.4818902015686","2017","Happy"
"Nepal","Southern Asia","121","4.514","0.35997","0.86449","0.56874","0.38282","0.05907","0.32296","1.95637","2015","Happy"
"Nepal","Southern Asia","107","4.793","0.44626","0.69699","0.50073","0.37012","0.07008","0.3816","2.32694","2016","Happy"
"Nepal","Southern Asia","99","4.9619998931885","0.4798201918602","1.1792832612991","0.50413078069687","0.44030594825745","0.072975546121597","0.39409616589546","1.8912410736084","2017","Happy"
"Netherlands","Western Europe","7","7.378","1.32944","1.28017","0.89284","0.61576","0.31814","0.4761","2.4657","2015","Very Happy"
"Netherlands","Western Europe","7","7.339","1.46468","1.02912","0.81231","0.55211","0.29927","0.47416","2.70749","2016","Very Happy"
"Netherlands","Western Europe","6","7.3769998550415","1.5039446353912","1.4289392232895","0.81069612503052","0.58538448810577","0.28266182541847","0.47048982977867","2.2948040962219","2017","Very Happy"
"New Zealand","Australia and New Zealand","9","7.286","1.25018","1.31967","0.90837","0.63938","0.42922","0.47501","2.26425","2015","Very Happy"
"New Zealand","Australia and New Zealand","8","7.334","1.36066","1.17278","0.83096","0.58147","0.41904","0.49401","2.47553","2016","Very Happy"
"New Zealand","Australia and New Zealand","8","7.3140001296997","1.4057060480118","1.5481951236725","0.81675970554352","0.6140621304512","0.38281670212746","0.50000512599945","2.0464563369751","2017","Very Happy"
"Nicaragua","Latin America and Caribbean","57","5.828","0.59325","1.14184","0.74314","0.55475","0.19317","0.27815","2.32407","2015","Happy"
"Nicaragua","Latin America and Caribbean","48","5.992","0.69384","0.89521","0.65213","0.46582","0.16292","0.29773","2.82428","2016","Happy"
"Nicaragua","Latin America and Caribbean","43","6.0710000991821","0.73729920387268","1.2872157096863","0.65309596061706","0.44755184650421","0.13068798184395","0.3016742169857","2.5139305591583","2017","Happy"
"Niger","Sub-Saharan Africa","144","3.845","0.0694","0.77265","0.29707","0.47692","0.15639","0.19387","1.87877","2015","Happy"
"Niger","Sub-Saharan Africa","142","3.856","0.1327","0.6053","0.26162","0.38041","0.17176","0.2097","2.09469","2016","Happy"
"Niger","Sub-Saharan Africa","135","4.0279998779297","0.1619253307581","0.99302500486374","0.26850500702858","0.36365869641304","0.13857294619083","0.22867384552956","1.8739833831787","2017","Happy"
"Nigeria","Sub-Saharan Africa","78","5.268","0.65435","0.90432","0.16007","0.34334","0.0403","0.27233","2.89319","2015","Happy"
"Nigeria","Sub-Saharan Africa","103","4.875","0.75216","0.64498","0.05108","0.27854","0.0305","0.23219","2.88586","2016","Happy"
"Nigeria","Sub-Saharan Africa","95","5.0739998817444","0.78375625610352","1.215770483017","0.056915730237961","0.3949525654316","0.026121566072106","0.23094719648361","2.3653905391693","2017","Happy"
"North Cyprus","Western Europe","66","5.695","1.20806","1.07008","0.92356","0.49027","0.1428","0.26169","1.59888","2015","Happy"
"North Cyprus","Western Europe","62","5.771","1.31141","0.81826","0.84142","0.43596","0.16578","0.26322","1.93447","2016","Happy"
"North Cyprus","Western Europe","61","5.8099999427795","1.3469113111496","1.1863033771515","0.83464723825455","0.47120362520218","0.15535335242748","0.266845703125","1.5491576194763","2017","Happy"
"Norway","Western Europe","4","7.522","1.459","1.33095","0.88521","0.66973","0.36503","0.34699","2.46531","2015","Very Happy"
"Norway","Western Europe","4","7.498","1.57744","1.1269","0.79579","0.59609","0.35776","0.37895","2.66465","2016","Very Happy"
"Norway","Western Europe","1","7.5370001792908","1.6164631843567","1.5335235595703","0.79666650295258","0.63542258739471","0.31596383452415","0.36201223731041","2.2770266532898","2017","Very Happy"
"Oman","Middle East and Northern Africa","22","6.853","1.36011","1.08182","0.76276","0.63274","0.32524","0.21542","2.47489","2015","Very Happy"
"Pakistan","Southern Asia","81","5.194","0.59543","0.41411","0.51466","0.12102","0.10464","0.33671","3.10709","2015","Happy"
"Pakistan","Southern Asia","92","5.132","0.68816","0.26135","0.40306","0.14622","0.1388","0.31185","3.18286","2016","Happy"
"Pakistan","Southern Asia","80","5.2690000534058","0.72688353061676","0.67269068956375","0.40204778313637","0.23521526157856","0.12434806674719","0.31544601917267","2.7924892902374","2017","Happy"
"Palestinian Territories","Middle East and Northern Africa","108","4.715","0.59867","0.92558","0.66015","0.24499","0.12905","0.11251","2.04384","2015","Happy"
"Palestinian Territories","Middle East and Northern Africa","108","4.754","0.67024","0.71629","0.56844","0.17744","0.10613","0.11154","2.40364","2016","Happy"
"Palestinian Territories","Middle East and Northern Africa","103","4.7750000953674","0.7162492275238","1.1556471586227","0.56566697359085","0.25471106171608","0.089282602071762","0.11417317390442","1.8788902759552","2017","Happy"
"Panama","Latin America and Caribbean","25","6.786","1.06353","1.1985","0.79661","0.5421","0.0927","0.24434","2.84848","2015","Very Happy"
"Panama","Latin America and Caribbean","25","6.701","1.18306","0.98912","0.70835","0.48927","0.08423","0.2418","3.00559","2016","Very Happy"
"Panama","Latin America and Caribbean","30","6.4520001411438","1.2337484359741","1.3731925487518","0.70615613460541","0.55002683401108","0.070983923971653","0.21055693924427","2.3071999549866","2017","Happy"
"Paraguay","Latin America and Caribbean","53","5.878","0.75985","1.30477","0.66098","0.53899","0.08242","0.3424","2.18896","2015","Happy"
"Paraguay","Latin America and Caribbean","70","5.538","0.89373","1.11111","0.58295","0.46235","0.07396","0.25296","2.16091","2016","Happy"
"Paraguay","Latin America and Caribbean","70","5.4930000305176","0.932537317276","1.5072848796845","0.57925069332123","0.47350779175758","0.091065913438797","0.22415065765381","1.6853334903717","2017","Happy"
"Peru","Latin America and Caribbean","58","5.824","0.90019","0.97459","0.73017","0.41496","0.05989","0.14982","2.5945","2015","Happy"
"Peru","Latin America and Caribbean","64","5.743","0.99602","0.81255","0.62994","0.37502","0.05292","0.14527","2.73117","2016","Happy"
"Peru","Latin America and Caribbean","63","5.7150001525879","1.0352252721786","1.2187703847885","0.63016611337662","0.45000287890434","0.047049086540937","0.12681971490383","2.2072694301605","2017","Happy"
"Philippines","Southeastern Asia","90","5.073","0.70532","1.03516","0.58114","0.62545","0.12279","0.24991","1.7536","2015","Happy"
"Philippines","Southeastern Asia","82","5.279","0.81217","0.87877","0.47036","0.54854","0.11757","0.21674","2.23484","2016","Happy"
"Philippines","Southeastern Asia","72","5.4299998283386","0.85769921541214","1.2539175748825","0.4680090546608","0.58521467447281","0.099331893026829","0.19351342320442","1.9726047515869","2017","Happy"
"Poland","Central and Eastern Europe","60","5.791","1.12555","1.27948","0.77903","0.53122","0.04212","0.16759","1.86565","2015","Happy"
"Poland","Central and Eastern Europe","57","5.835","1.24585","1.04685","0.69058","0.4519","0.055","0.14443","2.20035","2016","Happy"
"Poland","Central and Eastern Europe","46","5.9730000495911","1.2917878627777","1.4457119703293","0.69947534799576","0.52034211158752","0.059307806193829","0.1584659665823","1.7977228164673","2017","Happy"
"Portugal","Western Europe","88","5.102","1.15991","1.13935","0.87519","0.51469","0.01078","0.13719","1.26462","2015","Happy"
"Portugal","Western Europe","94","5.123","1.27607","0.94367","0.79363","0.44727","0.01521","0.11691","1.53015","2016","Happy"
"Portugal","Western Europe","89","5.1950001716614","1.3151752948761","1.3670430183411","0.79584354162216","0.49846529960632","0.01586945168674","0.095102712512016","1.1076827049255","2017","Happy"
"Puerto Rico","Latin America and Caribbean","15","7.039","1.35943","1.08113","0.77758","0.46823","0.12275","0.22202","3.0076","2016","Very Happy"
"Qatar","Middle East and Northern Africa","28","6.611","1.69042","1.0786","0.79733","0.6404","0.52208","0.32573","1.55674","2015","Very Happy"
"Qatar","Middle East and Northern Africa","36","6.375","1.82427","0.87964","0.71723","0.56679","0.48049","0.32388","1.58224","2016","Happy"
"Qatar","Middle East and Northern Africa","35","6.375","1.8707656860352","1.2742968797684","0.71009808778763","0.60413098335266","0.43929925560951","0.33047387003899","1.1454644203186","2017","Happy"
"Romania","Central and Eastern Europe","86","5.124","1.04345","0.88588","0.7689","0.35068","0.00649","0.13748","1.93129","2015","Happy"
"Romania","Central and Eastern Europe","71","5.528","1.1697","0.72803","0.67602","0.36712","0.00679","0.12889","2.45184","2016","Happy"
"Romania","Central and Eastern Europe","57","5.8249998092651","1.2176839113236","1.1500912904739","0.68515831232071","0.45700374245644","0.00438790069893","0.13351991772652","2.1768314838409","2017","Happy"
"Russia","Central and Eastern Europe","64","5.716","1.13764","1.23617","0.66926","0.36679","0.03005","0.00199","2.27394","2015","Happy"
"Russia","Central and Eastern Europe","56","5.856","1.23228","1.05261","0.58991","0.32682","0.03586","0.02736","2.59115","2016","Happy"
"Russia","Central and Eastern Europe","49","5.9629998207092","1.2817780971527","1.4692823886871","0.54734933376312","0.37378311157227","0.032962881028652","0.05226382240653","2.2056074142456","2017","Happy"
"Rwanda","Sub-Saharan Africa","154","3.465","0.22208","0.7737","0.42864","0.59201","0.55191","0.22628","0.67042","2015","Happy"
"Rwanda","Sub-Saharan Africa","152","3.515","0.32846","0.61586","0.31865","0.5432","0.50521","0.23552","0.96819","2016","Happy"
"Rwanda","Sub-Saharan Africa","151","3.470999956131","0.36874589323997","0.94570702314377","0.3264248073101","0.58184385299683","0.45522001385689","0.25275602936745","0.54006123542786","2017","Happy"
"Saudi Arabia","Middle East and Northern Africa","35","6.411","1.39541","1.08393","0.72025","0.31048","0.32524","0.13706","2.43872","2015","Happy"
"Saudi Arabia","Middle East and Northern Africa","34","6.379","1.48953","0.84829","0.59267","0.37904","0.30008","0.15457","2.61482","2016","Happy"
"Saudi Arabia","Middle East and Northern Africa","37","6.3439998626709","1.5306235551834","1.2866775989532","0.5901483297348","0.44975057244301","0.27343225479126","0.14761601388454","2.0654296875","2017","Happy"
"Senegal","Sub-Saharan Africa","142","3.904","0.36498","0.97619","0.4354","0.36772","0.10713","0.20843","1.44395","2015","Happy"
"Senegal","Sub-Saharan Africa","128","4.219","0.44314","0.77416","0.40457","0.31056","0.11681","0.19103","1.97861","2016","Happy"
"Senegal","Sub-Saharan Africa","115","4.5349998474121","0.47930902242661","1.1796919107437","0.40936285257339","0.37792226672173","0.11546044796705","0.18346889317036","1.7896461486816","2017","Happy"
"Serbia","Central and Eastern Europe","87","5.123","0.92053","1.00964","0.74836","0.20107","0.02617","0.19231","2.025","2015","Happy"
"Serbia","Central and Eastern Europe","86","5.177","1.03437","0.81329","0.6458","0.15718","0.04339","0.20737","2.27539","2016","Happy"
"Serbia","Central and Eastern Europe","73","5.3949999809265","1.0693175792694","1.2581897974014","0.65078467130661","0.20871552824974","0.040903780609369","0.22012588381767","1.9470844268799","2017","Happy"
"Sierra Leone","Sub-Saharan Africa","123","4.507","0.33024","0.95571","0","0.4084","0.08786","0.21488","2.51009","2015","Happy"
"Sierra Leone","Sub-Saharan Africa","111","4.635","0.36485","0.628","0","0.30685","0.08196","0.23897","3.01402","2016","Happy"
"Sierra Leone","Sub-Saharan Africa","106","4.7090001106262","0.36842092871666","0.9841360449791","0.0055647538974881","0.31869769096375","0.071095176041126","0.2930409014225","2.668459892273","2017","Happy"
"Singapore","Southeastern Asia","24","6.798","1.52186","1.02","1.02525","0.54252","0.4921","0.31105","1.88501","2015","Very Happy"
"Singapore","Southeastern Asia","22","6.739","1.64555","0.86758","0.94719","0.4877","0.46987","0.32706","1.99375","2016","Very Happy"
"Singapore","Southeastern Asia","26","6.5720000267029","1.6922776699066","1.3538143634796","0.94949239492416","0.54984056949616","0.46430778503418","0.34596598148346","1.2163619995117","2017","Happy"
"Slovakia","Central and Eastern Europe","45","5.995","1.16891","1.26999","0.78902","0.31751","0.03431","0.16893","2.24639","2015","Happy"
"Slovakia","Central and Eastern Europe","45","6.078","1.27973","1.08268","0.70367","0.23391","0.02947","0.13837","2.61065","2016","Happy"
"Slovakia","Central and Eastern Europe","40","6.0980000495911","1.3253935575485","1.5050592422485","0.71273291110992","0.29581746459007","0.024210851639509","0.13654448091984","2.0977766513824","2017","Happy"
"Slovenia","Central and Eastern Europe","55","5.848","1.18498","1.27385","0.87337","0.60855","0.03787","0.25328","1.61583","2015","Happy"
"Slovenia","Central and Eastern Europe","63","5.768","1.29947","1.05613","0.79151","0.53164","0.03635","0.25738","1.79522","2016","Happy"
"Slovenia","Central and Eastern Europe","62","5.7579998970032","1.3412059545517","1.4525188207626","0.79082822799683","0.57257580757141","0.045128978788853","0.2426490932703","1.3133172988892","2017","Happy"
"Somalia","Sub-Saharan Africa","76","5.44","0","0.33613","0.11466","0.56778","0.3118","0.27225","3.83772","2016","Happy"
"Somalia","Sub-Saharan Africa","93","5.1510000228882","0.022643184289336","0.72115135192871","0.11398913711309","0.60212695598602","0.28241032361984","0.29163131117821","3.1174845695496","2017","Happy"
"Somaliland region","Sub-Saharan Africa","91","5.057","0.18847","0.95152","0.43873","0.46582","0.39928","0.50318","2.11032","2015","Happy"
"Somaliland Region","Sub-Saharan Africa","97","5.057","0.25558","0.75862","0.33108","0.3913","0.36794","0.51479","2.43801","2016","Happy"
"South Africa","Sub-Saharan Africa","113","4.642","0.92049","1.18468","0.27688","0.33207","0.08884","0.11973","1.71956","2015","Happy"
"South Africa","Sub-Saharan Africa","116","4.459","1.02416","0.96053","0.18611","0.42483","0.08415","0.13656","1.64227","2016","Happy"
"South Africa","Sub-Saharan Africa","101","4.8289999961853","1.0546987056732","1.3847886323929","0.1870800703764","0.47924673557281","0.072509497404098","0.13936237990856","1.5109086036682","2017","Happy"
"South Korea","Eastern Asia","47","5.984","1.24461","0.95774","0.96538","0.33208","0.07857","0.18557","2.21978","2015","Happy"
"South Korea","Eastern Asia","57","5.835","1.35948","0.72194","0.88645","0.25168","0.07716","0.18824","2.35015","2016","Happy"
"South Korea","Eastern Asia","55","5.8379998207092","1.401678442955","1.1282744407654","0.90021407604217","0.25792166590691","0.063282668590546","0.20667436718941","1.8803780078888","2017","Happy"
"South Sudan","Sub-Saharan Africa","143","3.832","0.39394","0.18519","0.15781","0.19662","0.13015","0.25899","2.50929","2016","Happy"
"South Sudan","Sub-Saharan Africa","147","3.5910000801086","0.39724862575531","0.60132312774658","0.16348600387573","0.14706243574619","0.11679351329804","0.28567081689835","1.8795673847198","2017","Happy"
"Spain","Western Europe","36","6.329","1.23011","1.31379","0.95562","0.45951","0.06398","0.18227","2.12367","2015","Happy"
"Spain","Western Europe","37","6.361","1.34253","1.12945","0.87896","0.37545","0.06137","0.17665","2.39663","2016","Happy"
"Spain","Western Europe","34","6.4029998779297","1.3843978643417","1.5320909023285","0.88896059989929","0.40878123044968","0.070914097130299","0.19013357162476","1.9277577400207","2017","Happy"
"Sri Lanka","Southern Asia","132","4.271","0.83524","1.01905","0.70806","0.53726","0.09179","0.40828","0.67108","2015","Happy"
"Sri Lanka","Southern Asia","117","4.415","0.97318","0.84783","0.62007","0.50817","0.07964","0.46978","0.91681","2016","Happy"
"Sri Lanka","Southern Asia","120","4.4400000572205","1.0098501443863","1.2599763870239","0.62513083219528","0.56121325492859","0.073653966188431","0.49086356163025","0.41938924789429","2017","Happy"
"Sudan","Sub-Saharan Africa","118","4.55","0.52107","1.01404","0.36878","0.10081","0.1466","0.19062","2.20857","2015","Happy"
"Sudan","Sub-Saharan Africa","133","4.139","0.63069","0.81928","0.29759","0","0.10039","0.18077","2.10995","2016","Happy"
"Sudan","Sub-Saharan Africa","130","4.1389999389648","0.65951669216156","1.2140085697174","0.29092082381249","0.014995855279267","0.089847519993782","0.18231745064259","1.6870658397675","2017","Happy"
"Suriname","Latin America and Caribbean","40","6.269","0.99534","0.972","0.6082","0.59657","0.13633","0.16991","2.79094","2015","Happy"
"Suriname","Latin America and Caribbean","40","6.269","1.09686","0.77866","0.50933","0.52234","0.12692","0.16665","3.06852","2016","Happy"
"Swaziland","Sub-Saharan Africa","101","4.867","0.71206","1.07284","0.07566","0.30658","0.0306","0.18259","2.48676","2015","Happy"
"Sweden","Western Europe","8","7.364","1.33171","1.28907","0.91087","0.6598","0.43844","0.36262","2.37119","2015","Very Happy"
"Sweden","Western Europe","10","7.291","1.45181","1.08764","0.83121","0.58218","0.40867","0.38254","2.54734","2016","Very Happy"
"Sweden","Western Europe","9","7.2839999198914","1.4943872690201","1.4781621694565","0.83087515830994","0.61292409896851","0.38439872860909","0.38539925217629","2.0975379943848","2017","Very Happy"
"Switzerland","Western Europe","1","7.587","1.39651","1.34951","0.94143","0.66557","0.41978","0.29678","2.51738","2015","Very Happy"
"Switzerland","Western Europe","2","7.509","1.52733","1.14524","0.86303","0.58557","0.41203","0.28083","2.69463","2016","Very Happy"
"Switzerland","Western Europe","4","7.4939999580383","1.5649795532227","1.5169117450714","0.85813128948212","0.62007057666779","0.36700728535652","0.29054927825928","2.2767162322998","2017","Very Happy"
"Syria","Middle East and Northern Africa","156","3.006","0.6632","0.47489","0.72193","0.15684","0.18906","0.47179","0.32858","2015","Unhappy"
"Syria","Middle East and Northern Africa","156","3.069","0.74719","0.14866","0.62994","0.06912","0.17233","0.48397","0.81789","2016","Unhappy"
"Syria","Middle East and Northern Africa","152","3.4619998931885","0.77715313434601","0.39610260725021","0.50053334236145","0.081539444625378","0.15134713053703","0.49366372823715","1.0615735054016","2017","Happy"
"Taiwan","Eastern Asia","38","6.298","1.29098","1.07617","0.8753","0.3974","0.08129","0.25376","2.32323","2015","Happy"
"Taiwan","Eastern Asia","34","6.379","1.39729","0.92624","0.79565","0.32377","0.0663","0.25495","2.61523","2016","Happy"
"Taiwan Province of China","Eastern Asia","33","6.4219999313355","1.4336265325546","1.3845653533936","0.79398423433304","0.36146658658981","0.063829235732555","0.25836047530174","2.1266074180603","2017","Happy"
"Tajikistan","Central and Eastern Europe","106","4.786","0.39047","0.85563","0.57379","0.47216","0.15072","0.22974","2.11399","2015","Happy"
"Tajikistan","Central and Eastern Europe","100","4.996","0.48835","0.75602","0.53119","0.43408","0.13509","0.25998","2.39106","2016","Happy"
"Tajikistan","Central and Eastern Europe","96","5.0409998893738","0.52471363544464","1.2714632749557","0.52923512458801","0.47156670689583","0.14637714624405","0.24899764358997","1.8490493297577","2017","Happy"
"Tanzania","Sub-Saharan Africa","146","3.781","0.2852","1.00268","0.38215","0.32878","0.05747","0.34377","1.38079","2015","Happy"
"Tanzania","Sub-Saharan Africa","149","3.666","0.47155","0.77623","0.357","0.3176","0.05099","0.31472","1.37769","2016","Happy"
"Tanzania","Sub-Saharan Africa","153","3.3489999771118","0.51113587617874","1.0419898033142","0.36450928449631","0.39001777768135","0.066035106778145","0.35425636172295","0.62113046646118","2017","Happy"
"Thailand","Southeastern Asia","34","6.455","0.9669","1.26504","0.7385","0.55664","0.03187","0.5763","2.31945","2015","Happy"
"Thailand","Southeastern Asia","33","6.474","1.0893","1.04477","0.64915","0.49553","0.02833","0.58696","2.5796","2016","Happy"
"Thailand","Southeastern Asia","32","6.4239997863769","1.127868771553","1.4257924556732","0.6472390294075","0.5802007317543","0.031612735241652","0.57212311029434","2.0395083427429","2017","Happy"
"Togo","Sub-Saharan Africa","158","2.839","0.20868","0.13995","0.28443","0.36453","0.10731","0.16681","1.56726","2015","Unhappy"
"Togo","Sub-Saharan Africa","155","3.303","0.28123","0","0.24811","0.34678","0.11587","0.17517","2.1354","2016","Happy"
"Togo","Sub-Saharan Africa","150","3.4949998855591","0.30544471740723","0.43188253045082","0.24710556864739","0.38042613863945","0.095665015280247","0.1968961507082","1.8372292518616","2017","Happy"
"Trinidad and Tobago","Latin America and Caribbean","41","6.168","1.21183","1.18354","0.61483","0.55884","0.0114","0.31844","2.26882","2015","Happy"
"Trinidad and Tobago","Latin America and Caribbean","43","6.168","1.32572","0.98569","0.52608","0.48453","0.01241","0.31935","2.51394","2016","Happy"
"Trinidad and Tobago","Latin America and Caribbean","38","6.1680002212524","1.3613559007645","1.3802285194397","0.51998329162598","0.51863074302673","0.008964816108346","0.32529646158218","2.0532474517822","2017","Happy"
"Tunisia","Middle East and Northern Africa","107","4.739","0.88113","0.60429","0.73793","0.26268","0.06358","0.06431","2.12466","2015","Happy"
"Tunisia","Middle East and Northern Africa","98","5.045","0.97724","0.43165","0.59577","0.23553","0.0817","0.03936","2.68413","2016","Happy"
"Tunisia","Middle East and Northern Africa","102","4.8049998283386","1.0072658061981","0.86835145950317","0.61321204900742","0.28968068957329","0.086723148822784","0.049693357199431","1.890251159668","2017","Happy"
"Turkey","Middle East and Northern Africa","76","5.332","1.06098","0.94632","0.73172","0.22815","0.15746","0.12253","2.08528","2015","Happy"
"Turkey","Middle East and Northern Africa","78","5.389","1.16492","0.87717","0.64718","0.23889","0.12348","0.04707","2.29074","2016","Happy"
"Turkey","Middle East and Northern Africa","69","5.5","1.1982743740082","1.3377531766891","0.63760560750961","0.30074059963226","0.099671579897404","0.046693041920662","1.8792779445648","2017","Happy"
"Turkmenistan","Central and Eastern Europe","70","5.548","0.95847","1.22668","0.53886","0.4761","0.30844","0.16979","1.86984","2015","Happy"
"Turkmenistan","Central and Eastern Europe","65","5.658","1.08017","1.03817","0.44006","0.37408","0.28467","0.22567","2.21489","2016","Happy"
"Turkmenistan","Central and Eastern Europe","59","5.8220000267029","1.1307767629623","1.4931491613388","0.43772608041763","0.41827192902565","0.25927034020424","0.24992498755455","1.832909822464","2017","Happy"
"Uganda","Sub-Saharan Africa","141","3.931","0.21102","1.13299","0.33861","0.45727","0.07267","0.29066","1.42766","2015","Happy"
"Uganda","Sub-Saharan Africa","145","3.739","0.34719","0.90981","0.19625","0.43653","0.06442","0.27102","1.51416","2016","Happy"
"Uganda","Sub-Saharan Africa","133","4.0809998512268","0.3814307153225","1.1298277378082","0.21763260662556","0.44318595528603","0.057069718837738","0.32576605677605","1.526362657547","2017","Happy"
"Ukraine","Central and Eastern Europe","111","4.681","0.79907","1.20278","0.6739","0.25123","0.02961","0.15275","1.5714","2015","Happy"
"Ukraine","Central and Eastern Europe","123","4.324","0.87287","1.01413","0.58628","0.12859","0.01829","0.20363","1.50066","2016","Happy"
"Ukraine","Central and Eastern Europe","132","4.0960001945496","0.89465194940567","1.3945375680923","0.57590395212173","0.12297477573156","0.023029470816255","0.2700614631176","0.81438231468201","2017","Happy"
"United Arab Emirates","Middle East and Northern Africa","20","6.901","1.42727","1.12575","0.80925","0.64157","0.38583","0.26428","2.24743","2015","Very Happy"
"United Arab Emirates","Middle East and Northern Africa","28","6.573","1.57352","0.87114","0.72993","0.56215","0.35561","0.26591","2.21507","2016","Happy"
"United Arab Emirates","Middle East and Northern Africa","21","6.6479997634888","1.6263433694839","1.2664102315903","0.72679823637009","0.60834527015686","0.32448956370354","0.3609419465065","1.734703540802","2017","Very Happy"
"United Kingdom","Western Europe","21","6.867","1.26637","1.28548","0.90943","0.59625","0.32067","0.51912","1.96994","2015","Very Happy"
"United Kingdom","Western Europe","23","6.725","1.40283","1.08672","0.80991","0.50036","0.27399","0.50156","2.14999","2016","Very Happy"
"United Kingdom","Western Europe","19","6.7140002250671","1.441633939743","1.4964600801468","0.80533593893051","0.50819003582001","0.26542806625366","0.4927741587162","1.7041435241699","2017","Very Happy"
"United States","North America","15","7.119","1.39451","1.24711","0.86179","0.54604","0.1589","0.40105","2.51011","2015","Very Happy"
"United States","North America","13","7.104","1.50796","1.04782","0.779","0.48163","0.14868","0.41077","2.72782","2016","Very Happy"
"United States","North America","14","6.9930000305176","1.5462592840195","1.4199205636978","0.77428662776947","0.50574052333832","0.13563878834248","0.39257878065109","2.2181134223938","2017","Very Happy"
"Uruguay","Latin America and Caribbean","32","6.485","1.06166","1.2089","0.8116","0.60362","0.24558","0.2324","2.32142","2015","Happy"
"Uruguay","Latin America and Caribbean","29","6.545","1.18157","1.03143","0.72183","0.54388","0.21394","0.18056","2.67139","2016","Happy"
"Uruguay","Latin America and Caribbean","28","6.4539999961853","1.2175596952438","1.4122278690338","0.71921682357788","0.57939225435257","0.17806187272072","0.17509692907333","2.1724095344544","2017","Happy"
"Uzbekistan","Central and Eastern Europe","44","6.003","0.63244","1.34043","0.59772","0.65821","0.30826","0.22837","2.23741","2015","Happy"
"Uzbekistan","Central and Eastern Europe","49","5.987","0.73591","1.1681","0.50163","0.60848","0.28333","0.34326","2.34638","2016","Happy"
"Uzbekistan","Central and Eastern Europe","47","5.9710001945496","0.78644108772278","1.5489691495895","0.49827262759209","0.65824866294861","0.24652822315693","0.41598364710808","1.8169136047363","2017","Happy"
"Venezuela","Latin America and Caribbean","23","6.81","1.04424","1.25596","0.72052","0.42908","0.11069","0.05841","3.19131","2015","Very Happy"
"Venezuela","Latin America and Caribbean","44","6.084","1.13367","1.03302","0.61904","0.19847","0.08304","0.0425","2.97468","2016","Happy"
"Venezuela","Latin America and Caribbean","82","5.25","1.1284312009811","1.431337594986","0.61714422702789","0.15399712324143","0.064491122961044","0.065019629895687","1.7894637584686","2017","Happy"
"Vietnam","Southeastern Asia","75","5.36","0.63216","0.91226","0.74676","0.59444","0.10441","0.1686","2.20173","2015","Happy"
"Vietnam","Southeastern Asia","96","5.061","0.74037","0.79117","0.66157","0.55954","0.11556","0.25075","1.9418","2016","Happy"
"Vietnam","Southeastern Asia","94","5.0739998817444","0.78854757547378","1.2774913311005","0.65216898918152","0.57105559110642","0.087633237242699","0.23496805131435","1.4623186588287","2017","Happy"
"Yemen","Middle East and Northern Africa","136","4.077","0.54649","0.68093","0.40064","0.35571","0.07854","0.09131","1.92313","2015","Happy"
"Yemen","Middle East and Northern Africa","147","3.724","0.57939","0.47493","0.31048","0.2287","0.05892","0.09821","1.97295","2016","Happy"
"Yemen","Middle East and Northern Africa","146","3.5929999351502","0.59168344736099","0.93538224697113","0.31008091568947","0.2494637221098","0.056767422705889","0.1041252091527","1.345600605011","2017","Happy"
"Zambia","Sub-Saharan Africa","85","5.129","0.47038","0.91612","0.29924","0.48827","0.12468","0.19591","2.6343","2015","Happy"
"Zambia","Sub-Saharan Africa","106","4.795","0.61202","0.6376","0.23573","0.42662","0.11479","0.17866","2.58991","2016","Happy"
"Zambia","Sub-Saharan Africa","116","4.5139999389648","0.63640677928925","1.0031872987747","0.25783589482307","0.4616034924984","0.078213550150394","0.2495801448822","1.82670545578","2017","Happy"
"Zimbabwe","Sub-Saharan Africa","115","4.61","0.271","1.03276","0.33475","0.25861","0.08079","0.18987","2.44191","2015","Happy"
"Zimbabwe","Sub-Saharan Africa","131","4.193","0.35041","0.71478","0.1595","0.25429","0.08582","0.18503","2.4427","2016","Happy"
"Zimbabwe","Sub-Saharan Africa","138","3.875","0.37584653496742","1.083095908165","0.19676375389099","0.33638420701027","0.095375381410122","0.18914349377155","1.5979702472687","2017","Happy"
